Workbook

Sheet J1-Page1
A1: Plant Name: | C1: Wentzville | E1: STANDARD TASK SHEET | AB1: Available Op Time | AC1: Frequency | AD1: Shift Conditional | AF1: SPQRCE
A2: Department / Area: | F2: Available Operating Time: | I2: Prepared By: | AB2: 440 minutes (8 hours) | AC2: D | AD2: Y | AF2: S
A3: Trim - IP GLASS | F3: 440 minutes (8 hours) | I3: R. Woodson | AB3: 456 minutes (8 hours) | AC3: W | AD3: N | AF3: P
A4: Operation Name: | F4: Team: | I4: Page: | J4: Date: | AB4: 516 minutes(9 hours) | AC4: M | AF4: Q
A5: Team Leader | F5: J1 | I5: 1 of 2 | J5: 46114 | AB5: 576 minutes (10 hours) | AC5: Y | AF5: R
A6: STS Base Line Knowledge/Training: | AF6: C
AF7: E
A8: SAFETY | B8: All Required Safety Training (inc. Haz Material) | F8: QUALITY | G8: Process Control Plans | J8: COST | K8: Point Of Use, Spare Parts and Warranty
B9: High Risk TIS's/ Take 2 | G9: Quality Alerts | K9: COMMWIP - Waste Elimination
B10: Safety Playbook and Safety Policy | G10: Product Quality Standards | K10: Basic Ind. Material/Purchasing/SAP
B11: Emergency Response Process | G11: BIQ Process: Level III/IV | K11: Scrap Process
B12: SOT, SIR, ESCP, SOP, PPE, Ergonomics | G12: Problem Solving/Continuous Improvement
B13: Pre Task Planning/ Pre-Op card process | G13: Understanding PFMEA and MFMEA
A14: PEOPLE | B14: Computer Skills-E-mail, Microsoft Office, etc. | G14: GSIP | J14: ENVIRONMENTAL | K14: Understand E Requirements of the area
B15: TM/TL Evaluation Process | G15: Shop Floor Quality Systems - FBFF | K15: Work Place Organization (5-S)
B16: 4 Quarter Certified in all Team Jobs | G16: ISO | K16: Environmental Aspects / TISs
B17: Suggestions | F17: RESP. | G17: PM&C
B18: JIT Training & Flexibility Chart Training | G18: TIP (OEE and Constraints Management)
B19: GMS Training | G19: Maximo (CMMS)
B20: Layered Audits | G20: Andon and Plant Escalation Process
B21: Leading Effective Meetings | G21: Material Delivery System
B22: Team Concept, TM & TL R&Rs | G22: Total Productive Maintenance (TPM) | J22: SPQRCE | K22: JES/SOS/TIS (Safety/People/Responsiveness)
B23: TL STS and TISs | K23: BPD and Level 5 (SPQRCE)
B24: Plant Recognition Process | K24: Standardized Work (JES/SOS/TIS)
B25: Coaching Skills to help TMs improve
B26: Complete Proficiency Check Lists-3/4 Harvey
A28: SPQRCE | B28: # | C28: Task: | H28: TIS: | I28: Notes: | M28: Task Cycle Time: (Min.) | N28: Frequency: (Time) I (D=Day, W=Week, M=Month, Y=Year) | P28: Shift | S28: Total Cycle Time: (Daily) SHIFT
P29: 1 | Q29: 2 | R29: 3 | S29: 1 | T29: 2 | U29: 3
A30: S | B30: 1 | C30: Confirm Team Members are Wearing PPE. | H30: TIS-00-0018 | M30: 5 | N30: 1 | O30: D | P30: Y | Q30: Y | R30: Y | S30: =IF(P30="Y",IF(O30="D",M30*N30,IF(O30="W",M30*(N30/5),IF(O30="M",M30*(N30/22),IF(O30="Y",M30*(N30/(22*12)), "")))),0) -> 5 | T30: =IF(Q30="Y",IF(O30="D",M30*N30,IF(O30="W",M30*(N30/5),IF(O30="M",M30*(N30/22),IF(O30="Y",M30*(N30/(22*12)), "")))),0) -> 5 | U30: =IF(R30="Y",IF(O30="D",M30*N30,IF(O30="W",M30*(N30/5),IF(O30="M",M30*(N30/22),IF(O30="Y",M30*(N30/(22*12)), "")))),0) -> 5
A31: S | B31: 2 | C31: Perform Safety Observation Tour (SOT) | I31: Be proactive - not reactive | M31: 20 | N31: 1 | O31: W | P31: Y | Q31: Y | R31: Y | S31: =IF(P31="Y",IF(O31="D",M31*N31,IF(O31="W",M31*(N31/5),IF(O31="M",M31*(N31/22),IF(O31="Y",M31*(N31/(22*12)), "")))),0) -> 4 | T31: =IF(Q31="Y",IF(O31="D",M31*N31,IF(O31="W",M31*(N31/5),IF(O31="M",M31*(N31/22),IF(O31="Y",M31*(N31/(22*12)), "")))),0) -> 4 | U31: =IF(R31="Y",IF(O31="D",M31*N31,IF(O31="W",M31*(N31/5),IF(O31="M",M31*(N31/22),IF(O31="Y",M31*(N31/(22*12)), "")))),0) -> 4
A32: P | B32: 3 | C32: Check email. | I32: If you cannot log in, ESCALATE! | M32: 5 | N32: 1 | O32: D | P32: Y | Q32: Y | R32: Y | S32: =IF(P32="Y",IF(O32="D",M32*N32,IF(O32="W",M32*(N32/5),IF(O32="M",M32*(N32/22),IF(O32="Y",M32*(N32/(22*12)), "")))),0) -> 5 | T32: =IF(Q32="Y",IF(O32="D",M32*N32,IF(O32="W",M32*(N32/5),IF(O32="M",M32*(N32/22),IF(O32="Y",M32*(N32/(22*12)), "")))),0) -> 5 | U32: =IF(R32="Y",IF(O32="D",M32*N32,IF(O32="W",M32*(N32/5),IF(O32="M",M32*(N32/22),IF(O32="Y",M32*(N32/(22*12)), "")))),0) -> 5
A33: P | B33: 4 | C33: Engage in BPD-Daily TL/GL Huddle | H33: TIS-00-0024 | I33: Update BPD daily @ Huddle | M33: 15 | N33: 1 | O33: D | P33: Y | Q33: Y | R33: Y | S33: =IF(P33="Y",IF(O33="D",M33*N33,IF(O33="W",M33*(N33/5),IF(O33="M",M33*(N33/22),IF(O33="Y",M33*(N33/(22*12)), "")))),0) -> 15 | T33: =IF(Q33="Y",IF(O33="D",M33*N33,IF(O33="W",M33*(N33/5),IF(O33="M",M33*(N33/22),IF(O33="Y",M33*(N33/(22*12)), "")))),0) -> 15 | U33: =IF(R33="Y",IF(O33="D",M33*N33,IF(O33="W",M33*(N33/5),IF(O33="M",M33*(N33/22),IF(O33="Y",M33*(N33/(22*12)), "")))),0) -> 15
A34: P | B34: 5 | C34: Lead/engage TMs in problem solving for CI, CM or PPS | I34: Escalate as required. | M34: 10 | N34: 1 | O34: D | P34: Y | Q34: Y | R34: Y | S34: =IF(P34="Y",IF(O34="D",M34*N34,IF(O34="W",M34*(N34/5),IF(O34="M",M34*(N34/22),IF(O34="Y",M34*(N34/(22*12)), "")))),0) -> 10 | T34: =IF(Q34="Y",IF(O34="D",M34*N34,IF(O34="W",M34*(N34/5),IF(O34="M",M34*(N34/22),IF(O34="Y",M34*(N34/(22*12)), "")))),0) -> 10 | U34: =IF(R34="Y",IF(O34="D",M34*N34,IF(O34="W",M34*(N34/5),IF(O34="M",M34*(N34/22),IF(O34="Y",M34*(N34/(22*12)), "")))),0) -> 10
A35: P | B35: 6 | C35: Maintain Team Supplies -Order from Libra | H35: TIS-00-0020 | I35: Order from Libra, purchase from Stores | M35: 5 | N35: 1 | O35: W | P35: Y | Q35: Y | R35: Y | S35: =IF(P35="Y",IF(O35="D",M35*N35,IF(O35="W",M35*(N35/5),IF(O35="M",M35*(N35/22),IF(O35="Y",M35*(N35/(22*12)), "")))),0) -> 1 | T35: =IF(Q35="Y",IF(O35="D",M35*N35,IF(O35="W",M35*(N35/5),IF(O35="M",M35*(N35/22),IF(O35="Y",M35*(N35/(22*12)), "")))),0) -> 1 | U35: =IF(R35="Y",IF(O35="D",M35*N35,IF(O35="W",M35*(N35/5),IF(O35="M",M35*(N35/22),IF(O35="Y",M35*(N35/(22*12)), "")))),0) -> 1
A36: P | B36: 7 | C36: Communicate information effectively and in a timely manner. | I36: Effective three-way communication. GL, TL & TM | M36: 3 | N36: 5 | O36: D | P36: Y | Q36: Y | R36: Y | S36: =IF(P36="Y",IF(O36="D",M36*N36,IF(O36="W",M36*(N36/5),IF(O36="M",M36*(N36/22),IF(O36="Y",M36*(N36/(22*12)), "")))),0) -> 15 | T36: =IF(Q36="Y",IF(O36="D",M36*N36,IF(O36="W",M36*(N36/5),IF(O36="M",M36*(N36/22),IF(O36="Y",M36*(N36/(22*12)), "")))),0) -> 15 | U36: =IF(R36="Y",IF(O36="D",M36*N36,IF(O36="W",M36*(N36/5),IF(O36="M",M36*(N36/22),IF(O36="Y",M36*(N36/(22*12)), "")))),0) -> 15
A37: P | B37: 8 | C37: Train Operator using JIT Process - update Flex | H37: TIS-00-0023 | I37: The purpose of JIT is to produce a professionally trained Team Member! | M37: 440 | N37: 1 | O37: M | P37: Y | Q37: Y | R37: Y | S37: =IF(P37="Y",IF(O37="D",M37*N37,IF(O37="W",M37*(N37/5),IF(O37="M",M37*(N37/22),IF(O37="Y",M37*(N37/(22*12)), "")))),0) -> 20 | T37: =IF(Q37="Y",IF(O37="D",M37*N37,IF(O37="W",M37*(N37/5),IF(O37="M",M37*(N37/22),IF(O37="Y",M37*(N37/(22*12)), "")))),0) -> 20 | U37: =IF(R37="Y",IF(O37="D",M37*N37,IF(O37="W",M37*(N37/5),IF(O37="M",M37*(N37/22),IF(O37="Y",M37*(N37/(22*12)), "")))),0) -> 20
A38: P | B38: 9 | C38: Maintain JESs and standardized work documents - ensure up to date | I38: Follow SW change process | M38: 25 | N38: 1 | O38: D | P38: Y | Q38: Y | R38: Y | S38: =IF(P38="Y",IF(O38="D",M38*N38,IF(O38="W",M38*(N38/5),IF(O38="M",M38*(N38/22),IF(O38="Y",M38*(N38/(22*12)), "")))),0) -> 25 | T38: =IF(Q38="Y",IF(O38="D",M38*N38,IF(O38="W",M38*(N38/5),IF(O38="M",M38*(N38/22),IF(O38="Y",M38*(N38/(22*12)), "")))),0) -> 25 | U38: =IF(R38="Y",IF(O38="D",M38*N38,IF(O38="W",M38*(N38/5),IF(O38="M",M38*(N38/22),IF(O38="Y",M38*(N38/(22*12)), "")))),0) -> 25
A39: P | B39: 10 | C39: Prepare for and lead Weekly Team Meetings | H39: TIS-00-0019 | I39: Follow SPQRCE and keep minutes | M39: 40 | N39: 1 | O39: W | P39: Y | Q39: Y | R39: Y | S39: =IF(P39="Y",IF(O39="D",M39*N39,IF(O39="W",M39*(N39/5),IF(O39="M",M39*(N39/22),IF(O39="Y",M39*(N39/(22*12)), "")))),0) -> 8 | T39: =IF(Q39="Y",IF(O39="D",M39*N39,IF(O39="W",M39*(N39/5),IF(O39="M",M39*(N39/22),IF(O39="Y",M39*(N39/(22*12)), "")))),0) -> 8 | U39: =IF(R39="Y",IF(O39="D",M39*N39,IF(O39="W",M39*(N39/5),IF(O39="M",M39*(N39/22),IF(O39="Y",M39*(N39/(22*12)), "")))),0) -> 8
A40: P | B40: 11 | C40: Support Team Members (respond to Andon calls, parts issues, etc.) | I40: Review data for improvement ideas | M40: 10 | N40: 8 | O40: D | P40: Y | Q40: Y | R40: Y | S40: =IF(P40="Y",IF(O40="D",M40*N40,IF(O40="W",M40*(N40/5),IF(O40="M",M40*(N40/22),IF(O40="Y",M40*(N40/(22*12)), "")))),0) -> 80 | T40: =IF(Q40="Y",IF(O40="D",M40*N40,IF(O40="W",M40*(N40/5),IF(O40="M",M40*(N40/22),IF(O40="Y",M40*(N40/(22*12)), "")))),0) -> 80 | U40: =IF(R40="Y",IF(O40="D",M40*N40,IF(O40="W",M40*(N40/5),IF(O40="M",M40*(N40/22),IF(O40="Y",M40*(N40/(22*12)), "")))),0) -> 80
A41: Q | B41: 12 | C41: Respond to radio calls, contact maintenance and make repairs as required. | I41: Get support from adjacent team leaders as needed. | M41: 10 | N41: 4 | O41: D | P41: Y | Q41: Y | R41: Y | S41: =IF(P41="Y",IF(O41="D",M41*N41,IF(O41="W",M41*(N41/5),IF(O41="M",M41*(N41/22),IF(O41="Y",M41*(N41/(22*12)), "")))),0) -> 40 | T41: =IF(Q41="Y",IF(O41="D",M41*N41,IF(O41="W",M41*(N41/5),IF(O41="M",M41*(N41/22),IF(O41="Y",M41*(N41/(22*12)), "")))),0) -> 40 | U41: =IF(R41="Y",IF(O41="D",M41*N41,IF(O41="W",M41*(N41/5),IF(O41="M",M41*(N41/22),IF(O41="Y",M41*(N41/(22*12)), "")))),0) -> 40
A42: Q | B42: 13 | C42: Conduct Daily Quality Focus Checks | H42: TIS-00-0025 | I42: QFCs are performed once daily. | M42: 5 | N42: 1 | O42: D | P42: Y | Q42: Y | R42: Y | S42: =IF(P42="Y",IF(O42="D",M42*N42,IF(O42="W",M42*(N42/5),IF(O42="M",M42*(N42/22),IF(O42="Y",M42*(N42/(22*12)), "")))),0) -> 5 | T42: =IF(Q42="Y",IF(O42="D",M42*N42,IF(O42="W",M42*(N42/5),IF(O42="M",M42*(N42/22),IF(O42="Y",M42*(N42/(22*12)), "")))),0) -> 5 | U42: =IF(R42="Y",IF(O42="D",M42*N42,IF(O42="W",M42*(N42/5),IF(O42="M",M42*(N42/22),IF(O42="Y",M42*(N42/(22*12)), "")))),0) -> 5
A43: Q | B43: 14 | C43: Complete Error Proofing Checks | H43: TIS-00-0026 | I43: Error proofing checks are 1X per week. | M43: 10 | N43: 1 | O43: W | P43: Y | Q43: Y | R43: Y | S43: =IF(P43="Y",IF(O43="D",M43*N43,IF(O43="W",M43*(N43/5),IF(O43="M",M43*(N43/22),IF(O43="Y",M43*(N43/(22*12)), "")))),0) -> 2 | T43: =IF(Q43="Y",IF(O43="D",M43*N43,IF(O43="W",M43*(N43/5),IF(O43="M",M43*(N43/22),IF(O43="Y",M43*(N43/(22*12)), "")))),0) -> 2 | U43: =IF(R43="Y",IF(O43="D",M43*N43,IF(O43="W",M43*(N43/5),IF(O43="M",M43*(N43/22),IF(O43="Y",M43*(N43/(22*12)), "")))),0) -> 2
A44: Q | B44: 15 | C44: Monitor, respond to, report on, and resolve Quality Issues | I44: (GCA, 5F, Quality Gates, etc.) | M44: 10 | N44: 5 | O44: D | P44: Y | Q44: Y | R44: Y | S44: =IF(P44="Y",IF(O44="D",M44*N44,IF(O44="W",M44*(N44/5),IF(O44="M",M44*(N44/22),IF(O44="Y",M44*(N44/(22*12)), "")))),0) -> 50 | T44: =IF(Q44="Y",IF(O44="D",M44*N44,IF(O44="W",M44*(N44/5),IF(O44="M",M44*(N44/22),IF(O44="Y",M44*(N44/(22*12)), "")))),0) -> 50 | U44: =IF(R44="Y",IF(O44="D",M44*N44,IF(O44="W",M44*(N44/5),IF(O44="M",M44*(N44/22),IF(O44="Y",M44*(N44/(22*12)), "")))),0) -> 50
A45: Q | B45: 16 | C45: Conduct a layered audit per schedule | H45: TIS-00-0022 | I45: Document findings on level 5 if can't fix. | M45: 30 | N45: 1 | O45: W | P45: Y | Q45: Y | R45: Y | S45: =IF(P45="Y",IF(O45="D",M45*N45,IF(O45="W",M45*(N45/5),IF(O45="M",M45*(N45/22),IF(O45="Y",M45*(N45/(22*12)), "")))),0) -> 6 | T45: =IF(Q45="Y",IF(O45="D",M45*N45,IF(O45="W",M45*(N45/5),IF(O45="M",M45*(N45/22),IF(O45="Y",M45*(N45/(22*12)), "")))),0) -> 6 | U45: =IF(R45="Y",IF(O45="D",M45*N45,IF(O45="W",M45*(N45/5),IF(O45="M",M45*(N45/22),IF(O45="Y",M45*(N45/(22*12)), "")))),0) -> 6
A46: Q | B46: 17 | C46: Ensure TMs are 3/4 certified and that Flex Chart is updated | I46: Follow proper retention and maintain files | M46: 5 | N46: 1 | O46: D | P46: Y | Q46: Y | R46: Y | S46: =IF(P46="Y",IF(O46="D",M46*N46,IF(O46="W",M46*(N46/5),IF(O46="M",M46*(N46/22),IF(O46="Y",M46*(N46/(22*12)), "")))),0) -> 5 | T46: =IF(Q46="Y",IF(O46="D",M46*N46,IF(O46="W",M46*(N46/5),IF(O46="M",M46*(N46/22),IF(O46="Y",M46*(N46/(22*12)), "")))),0) -> 5 | U46: =IF(R46="Y",IF(O46="D",M46*N46,IF(O46="W",M46*(N46/5),IF(O46="M",M46*(N46/22),IF(O46="Y",M46*(N46/(22*12)), "")))),0) -> 5
A47: Q | B47: 18 | C47: Trace Data Repair/ Manual Trace Data Repair | H47: TIS-00-0163 TIS-00-0164 | M47: 5 | N47: 1 | O47: D | P47: Y | Q47: Y | R47: Y | S47: =IF(P47="Y",IF(O47="D",M47*N47,IF(O47="W",M47*(N47/5),IF(O47="M",M47*(N47/22),IF(O47="Y",M47*(N47/(22*12)), "")))),0) -> 5 | T47: =IF(Q47="Y",IF(O47="D",M47*N47,IF(O47="W",M47*(N47/5),IF(O47="M",M47*(N47/22),IF(O47="Y",M47*(N47/(22*12)), "")))),0) -> 5 | U47: =IF(R47="Y",IF(O47="D",M47*N47,IF(O47="W",M47*(N47/5),IF(O47="M",M47*(N47/22),IF(O47="Y",M47*(N47/(22*12)), "")))),0) -> 5
A48: Q | B48: 19 | C48: Critical Fastener Process Key Release/ Critical Fastener Process Prod TL | H48: TIS-00-0057A TIS-00-0057B | M48: 7 | N48: 10 | O48: W | P48: Y | Q48: Y | R48: Y | S48: =IF(P48="Y",IF(O48="D",M48*N48,IF(O48="W",M48*(N48/5),IF(O48="M",M48*(N48/22),IF(O48="Y",M48*(N48/(22*12)), "")))),0) -> 14 | T48: =IF(Q48="Y",IF(O48="D",M48*N48,IF(O48="W",M48*(N48/5),IF(O48="M",M48*(N48/22),IF(O48="Y",M48*(N48/(22*12)), "")))),0) -> 14 | U48: =IF(R48="Y",IF(O48="D",M48*N48,IF(O48="W",M48*(N48/5),IF(O48="M",M48*(N48/22),IF(O48="Y",M48*(N48/(22*12)), "")))),0) -> 14
A49: R | B49: 20 | C49: Team Leader Start/End of Shift Activities | H49: TIS-00-0016 | I49: Check material, verify people on jobs, WPO walk of team. | M49: 40 | N49: 1 | O49: D | P49: Y | Q49: Y | R49: Y | S49: =IF(P49="Y",IF(O49="D",M49*N49,IF(O49="W",M49*(N49/5),IF(O49="M",M49*(N49/22),IF(O49="Y",M49*(N49/(22*12)), "")))),0) -> 40 | T49: =IF(Q49="Y",IF(O49="D",M49*N49,IF(O49="W",M49*(N49/5),IF(O49="M",M49*(N49/22),IF(O49="Y",M49*(N49/(22*12)), "")))),0) -> 40 | U49: =IF(R49="Y",IF(O49="D",M49*N49,IF(O49="W",M49*(N49/5),IF(O49="M",M49*(N49/22),IF(O49="Y",M49*(N49/(22*12)), "")))),0) -> 40
A50: R | B50: 21 | C50: Confirm PMP Checks are performed by TMs | I50: Escalate to GL when needed | M50: 5 | N50: 1 | O50: D | P50: Y | Q50: Y | R50: Y | S50: =IF(P50="Y",IF(O50="D",M50*N50,IF(O50="W",M50*(N50/5),IF(O50="M",M50*(N50/22),IF(O50="Y",M50*(N50/(22*12)), "")))),0) -> 5 | T50: =IF(Q50="Y",IF(O50="D",M50*N50,IF(O50="W",M50*(N50/5),IF(O50="M",M50*(N50/22),IF(O50="Y",M50*(N50/(22*12)), "")))),0) -> 5 | U50: =IF(R50="Y",IF(O50="D",M50*N50,IF(O50="W",M50*(N50/5),IF(O50="M",M50*(N50/22),IF(O50="Y",M50*(N50/(22*12)), "")))),0) -> 5
A51: R | B51: 22 | C51: Monitor Production and Quality in your Team | H51: TIS-00-0027 | I51: Escalate as required. | M51: 2 | N51: 10 | O51: D | P51: Y | Q51: Y | R51: Y | S51: =IF(P51="Y",IF(O51="D",M51*N51,IF(O51="W",M51*(N51/5),IF(O51="M",M51*(N51/22),IF(O51="Y",M51*(N51/(22*12)), "")))),0) -> 20 | T51: =IF(Q51="Y",IF(O51="D",M51*N51,IF(O51="W",M51*(N51/5),IF(O51="M",M51*(N51/22),IF(O51="Y",M51*(N51/(22*12)), "")))),0) -> 20 | U51: =IF(R51="Y",IF(O51="D",M51*N51,IF(O51="W",M51*(N51/5),IF(O51="M",M51*(N51/22),IF(O51="Y",M51*(N51/(22*12)), "")))),0) -> 20
A52: R | B52: 23 | C52: Support Team Members in the event of Model mix isssues. | I52: In the absence of additional help. | M52: 30 | N52: 1 | O52: W | P52: Y | Q52: Y | R52: Y | S52: =IF(P52="Y",IF(O52="D",M52*N52,IF(O52="W",M52*(N52/5),IF(O52="M",M52*(N52/22),IF(O52="Y",M52*(N52/(22*12)), "")))),0) -> 6 | T52: =IF(Q52="Y",IF(O52="D",M52*N52,IF(O52="W",M52*(N52/5),IF(O52="M",M52*(N52/22),IF(O52="Y",M52*(N52/(22*12)), "")))),0) -> 6 | U52: =IF(R52="Y",IF(O52="D",M52*N52,IF(O52="W",M52*(N52/5),IF(O52="M",M52*(N52/22),IF(O52="Y",M52*(N52/(22*12)), "")))),0) -> 6
A53: R | B53: 24 | C53: Participate in Throughput Improvement Process (TIP) | H53: TIS-00-0014 | I53: Identify & solve TIP opportunities | M53: 30 | N53: 1 | O53: W | P53: Y | Q53: Y | R53: Y | S53: =IF(P53="Y",IF(O53="D",M53*N53,IF(O53="W",M53*(N53/5),IF(O53="M",M53*(N53/22),IF(O53="Y",M53*(N53/(22*12)), "")))),0) -> 6 | T53: =IF(Q53="Y",IF(O53="D",M53*N53,IF(O53="W",M53*(N53/5),IF(O53="M",M53*(N53/22),IF(O53="Y",M53*(N53/(22*12)), "")))),0) -> 6 | U53: =IF(R53="Y",IF(O53="D",M53*N53,IF(O53="W",M53*(N53/5),IF(O53="M",M53*(N53/22),IF(O53="Y",M53*(N53/(22*12)), "")))),0) -> 6
A54: R | B54: 25 | C54: Team Leader TITV Tool Check and Stamp | H54: TIS-00-0142 | I54: Update stamp log as required. | M54: 5 | N54: 1 | O54: W | P54: Y | Q54: Y | R54: Y | S54: =IF(P54="Y",IF(O54="D",M54*N54,IF(O54="W",M54*(N54/5),IF(O54="M",M54*(N54/22),IF(O54="Y",M54*(N54/(22*12)), "")))),0) -> 1 | T54: =IF(Q54="Y",IF(O54="D",M54*N54,IF(O54="W",M54*(N54/5),IF(O54="M",M54*(N54/22),IF(O54="Y",M54*(N54/(22*12)), "")))),0) -> 1 | U54: =IF(R54="Y",IF(O54="D",M54*N54,IF(O54="W",M54*(N54/5),IF(O54="M",M54*(N54/22),IF(O54="Y",M54*(N54/(22*12)), "")))),0) -> 1
A55: R | B55: 26 | C55: Verify that backup systems and tools are functioning. | I55: To ensure backups work when needed. | M55: 5 | N55: 1 | O55: W | P55: Y | Q55: Y | R55: Y | S55: =IF(P55="Y",IF(O55="D",M55*N55,IF(O55="W",M55*(N55/5),IF(O55="M",M55*(N55/22),IF(O55="Y",M55*(N55/(22*12)), "")))),0) -> 1 | T55: =IF(Q55="Y",IF(O55="D",M55*N55,IF(O55="W",M55*(N55/5),IF(O55="M",M55*(N55/22),IF(O55="Y",M55*(N55/(22*12)), "")))),0) -> 1 | U55: =IF(R55="Y",IF(O55="D",M55*N55,IF(O55="W",M55*(N55/5),IF(O55="M",M55*(N55/22),IF(O55="Y",M55*(N55/(22*12)), "")))),0) -> 1
A56: R | B56: 27 | C56: Conduct Operation Readiness Assessment | H56: TIS-00-0029 | I56: Per Readiness Process | M56: 120 | N56: 4 | O56: Y | P56: Y | Q56: Y | R56: Y | S56: =IF(P56="Y",IF(O56="D",M56*N56,IF(O56="W",M56*(N56/5),IF(O56="M",M56*(N56/22),IF(O56="Y",M56*(N56/(22*12)), "")))),0) -> 1.8181818 | T56: =IF(Q56="Y",IF(O56="D",M56*N56,IF(O56="W",M56*(N56/5),IF(O56="M",M56*(N56/22),IF(O56="Y",M56*(N56/(22*12)), "")))),0) -> 1.8181818 | U56: =IF(R56="Y",IF(O56="D",M56*N56,IF(O56="W",M56*(N56/5),IF(O56="M",M56*(N56/22),IF(O56="Y",M56*(N56/(22*12)), "")))),0) -> 1.8181818
A57: C | B57: 28 | C57: Focus on waste elimination utilizing COMWIPP as a guide. | I57: Involve every team member in team meetings and in daily conversations. | M57: 10 | N57: 1 | O57: D | P57: Y | Q57: Y | R57: Y | S57: =IF(P57="Y",IF(O57="D",M57*N57,IF(O57="W",M57*(N57/5),IF(O57="M",M57*(N57/22),IF(O57="Y",M57*(N57/(22*12)), "")))),0) -> 10 | T57: =IF(Q57="Y",IF(O57="D",M57*N57,IF(O57="W",M57*(N57/5),IF(O57="M",M57*(N57/22),IF(O57="Y",M57*(N57/(22*12)), "")))),0) -> 10 | U57: =IF(R57="Y",IF(O57="D",M57*N57,IF(O57="W",M57*(N57/5),IF(O57="M",M57*(N57/22),IF(O57="Y",M57*(N57/(22*12)), "")))),0) -> 10
A58: C | B58: 29 | C58: Team Leader Scrap Process | H58: TIS-00-0030 | I58: Utilize eScrap | M58: 15 | N58: 1 | O58: D | P58: Y | Q58: Y | R58: Y | S58: =IF(P58="Y",IF(O58="D",M58*N58,IF(O58="W",M58*(N58/5),IF(O58="M",M58*(N58/22),IF(O58="Y",M58*(N58/(22*12)), "")))),0) -> 15 | T58: =IF(Q58="Y",IF(O58="D",M58*N58,IF(O58="W",M58*(N58/5),IF(O58="M",M58*(N58/22),IF(O58="Y",M58*(N58/(22*12)), "")))),0) -> 15 | U58: =IF(R58="Y",IF(O58="D",M58*N58,IF(O58="W",M58*(N58/5),IF(O58="M",M58*(N58/22),IF(O58="Y",M58*(N58/(22*12)), "")))),0) -> 15
A59: E | B59: 30 | C59: Understandand and comply with Environmental Policies | I59: Ensure every chemical container has appropriate chemical label. | M59: 5 | N59: 1 | O59: W | P59: Y | Q59: Y | R59: Y | S59: =IF(P59="Y",IF(O59="D",M59*N59,IF(O59="W",M59*(N59/5),IF(O59="M",M59*(N59/22),IF(O59="Y",M59*(N59/(22*12)), "")))),0) -> 1 | T59: =IF(Q59="Y",IF(O59="D",M59*N59,IF(O59="W",M59*(N59/5),IF(O59="M",M59*(N59/22),IF(O59="Y",M59*(N59/(22*12)), "")))),0) -> 1 | U59: =IF(R59="Y",IF(O59="D",M59*N59,IF(O59="W",M59*(N59/5),IF(O59="M",M59*(N59/22),IF(O59="Y",M59*(N59/(22*12)), "")))),0) -> 1
S60: =SUM(S30:S59)+SUM('J1-Page2'!S30:S59) -> 427.41818 | T60: =SUM(T30:T59)+SUM('J1-Page2'!T30:T59) -> 427.41818 | U60: =SUM(U30:U59)+SUM('J1-Page2'!U30:U59) -> 430.41818
A61: Signature Block: | J61: Work Change History:
A62: Shift: | C62: Team Leader | E62: Group Leader | J62: Date: | L62: Name: | N62: Change Description:
A63: 1 | B63: Sign | J63: 45314 | L63: J.Shuster | N63: Updated TIS #'s for TRACE data
B64: Date | J64: 45482 | L64: J.Shuster | N64: STS Template Update
A65: 2 | B65: Sign | J65: 45710 | L65: J.Shuster | N65: Annual Review
B66: Date | J66: 46057 | L66: M. Pargo | N66: Annual Review
A67: 3 | B67: Sign | J67: 46114 | L67: R. Woodson | N67: Added Task #32 Yellow Bag Process and Task #33 Blue Bag Process
B68: Date

Sheet J1-Page2
A1: Plant Name: | C1: Wentzville | E1: STANDARD TASK SHEET | AB1: Available Op Time | AC1: Frequency | AD1: Shift Conditional | AF1: SPQRCE
A2: Department / Area: | F2: Available Operating Time: | I2: Prepared By: | AB2: 440 minutes (8 hours) | AC2: D | AD2: Y | AF2: S
A3: Trim - IP GLASS | F3: 440 minutes (8 hours) | I3: R. Woodson | AB3: 456 minutes (8 hours) | AC3: W | AD3: N | AF3: P
A4: Operation Name: | F4: Team: | I4: Page: | J4: Date: | AB4: 516 minutes(9 hours) | AC4: M | AF4: Q
A5: Team Leader | F5: J1 | I5: 2 of 2 | J5: 46114 | AB5: 576 minutes (10 hours) | AC5: Y | AF5: R
A6: STS Base Line Knowledge/Training: | AF6: C
AF7: E
A8: SAFETY | B8: All Required Safety Training (inc. Haz Material) | F8: QUALITY | G8: Process Control Plans | J8: COST | K8: Point Of Use, Spare Parts and Warranty
B9: High Risk TIS's/ Take 2 | G9: Quality Alerts | K9: COMMWIP - Waste Elimination
B10: Safety Playbook and Safety Policy | G10: Product Quality Standards | K10: Basic Ind. Material/Purchasing/SAP
B11: Emergency Response Process | G11: BIQ Process: Level III/IV | K11: Scrap Process
B12: SOT, SIR, ESCP, SOP, PPE, Ergonomics | G12: Problem Solving/Continuous Improvement
B13: Pre Task Planning/ Pre-Op card process | G13: Understanding PFMEA and MFMEA
A14: PEOPLE | B14: Computer Skills-E-mail, Microsoft Office, etc. | G14: GSIP | J14: ENVIRONMENTAL | K14: Understand E Requirements of the area
B15: TM/TL Evaluation Process | G15: Shop Floor Quality Systems - FBFF | K15: Work Place Organization (5-S)
B16: 4 Quarter Certified in all Team Jobs | G16: ISO | K16: Environmental Aspects / TISs
B17: Suggestions | F17: RESP. | G17: PM&C
B18: JIT Training & Flexibility Chart Training | G18: TIP (OEE and Constraints Management)
B19: GMS Training | G19: Maximo (CMMS)
B20: Layered Audits | G20: Andon and Plant Escalation Process
B21: Leading Effective Meetings | G21: Material Delivery System
B22: Team Concept, TM & TL R&Rs | G22: Total Productive Maintenance (TPM) | J22: SPQRCE | K22: JES/SOS/TIS (Safety/People/Responsiveness)
B23: TL STS and TISs | K23: BPD and Level 5 (SPQRCE)
B24: Plant Recognition Process | K24: Standardized Work (JES/SOS/TIS)
B25: Coaching Skills to help TMs improve
B26: Complete Proficiency Check Lists-3/4 Harvey
A28: SPQRCE | B28: # | C28: Task: | H28: TIS: | I28: Notes: | M28: Task Cycle Time: (Min.) | N28: Frequency: (Time) I (D=Day, W=Week, M=Month, Y=Year) | P28: Shift | S28: Total Cycle Time: (Daily) SHIFT
P29: 1 | Q29: 2 | R29: 3 | S29: 1 | T29: 2 | U29: 3
A30: E | B30: 31 | C30: Promote and monitor Waste Segregation with TMs | I30: Check trash, recycle, and glove containers regularly / coach TMs. | M30: 5 | N30: 1 | O30: D | P30: Y | Q30: Y | R30: Y | S30: =IF(P30="Y",IF(O30="D",M30*N30,IF(O30="W",M30*(N30/5),IF(O30="M",M30*(N30/22),IF(O30="Y",M30*(N30/(22*12)), "")))),0) -> 5 | T30: =IF(Q30="Y",IF(O30="D",M30*N30,IF(O30="W",M30*(N30/5),IF(O30="M",M30*(N30/22),IF(O30="Y",M30*(N30/(22*12)), "")))),0) -> 5 | U30: =IF(R30="Y",IF(O30="D",M30*N30,IF(O30="W",M30*(N30/5),IF(O30="M",M30*(N30/22),IF(O30="Y",M30*(N30/(22*12)), "")))),0) -> 5
A31: Q | B31: 32 | C31: Yellow Bag Process | I31: Ensure 100% clicking/beaming of fastners occurs until Torque Monitor verifies 3 good torque readings | M31: 15 | N31: 1 | O31: W | P31: N | Q31: N | R31: Y | S31: =IF(P31="Y",IF(O31="D",M31*N31,IF(O31="W",M31*(N31/5),IF(O31="M",M31*(N31/22),IF(O31="Y",M31*(N31/(22*12)), "")))),0) -> 0 | T31: =IF(Q31="Y",IF(O31="D",M31*N31,IF(O31="W",M31*(N31/5),IF(O31="M",M31*(N31/22),IF(O31="Y",M31*(N31/(22*12)), "")))),0) -> 0 | U31: =IF(R31="Y",IF(O31="D",M31*N31,IF(O31="W",M31*(N31/5),IF(O31="M",M31*(N31/22),IF(O31="Y",M31*(N31/(22*12)), "")))),0) -> 3
A32: Q | B32: 33 | C32: Blue Bag Process | I32: Ensure 100% clicking/beaming of fastners occurs until UAT is complete | M32: 3 | N32: 1 | O32: W | P32: Y | Q32: Y | R32: Y | S32: =IF(P32="Y",IF(O32="D",M32*N32,IF(O32="W",M32*(N32/5),IF(O32="M",M32*(N32/22),IF(O32="Y",M32*(N32/(22*12)), "")))),0) -> 0.6 | T32: =IF(Q32="Y",IF(O32="D",M32*N32,IF(O32="W",M32*(N32/5),IF(O32="M",M32*(N32/22),IF(O32="Y",M32*(N32/(22*12)), "")))),0) -> 0.6 | U32: =IF(R32="Y",IF(O32="D",M32*N32,IF(O32="W",M32*(N32/5),IF(O32="M",M32*(N32/22),IF(O32="Y",M32*(N32/(22*12)), "")))),0) -> 0.6
S33: =IF(P33="Y",IF(O33="D",M33*N33,IF(O33="W",M33*(N33/5),IF(O33="M",M33*(N33/22),IF(O33="Y",M33*(N33/(22*12)), "")))),0) -> 0 | T33: =IF(Q33="Y",IF(O33="D",M33*N33,IF(O33="W",M33*(N33/5),IF(O33="M",M33*(N33/22),IF(O33="Y",M33*(N33/(22*12)), "")))),0) -> 0 | U33: =IF(R33="Y",IF(O33="D",M33*N33,IF(O33="W",M33*(N33/5),IF(O33="M",M33*(N33/22),IF(O33="Y",M33*(N33/(22*12)), "")))),0) -> 0
S34: =IF(P34="Y",IF(O34="D",M34*N34,IF(O34="W",M34*(N34/5),IF(O34="M",M34*(N34/22),IF(O34="Y",M34*(N34/(22*12)), "")))),0) -> 0 | T34: =IF(Q34="Y",IF(O34="D",M34*N34,IF(O34="W",M34*(N34/5),IF(O34="M",M34*(N34/22),IF(O34="Y",M34*(N34/(22*12)), "")))),0) -> 0 | U34: =IF(R34="Y",IF(O34="D",M34*N34,IF(O34="W",M34*(N34/5),IF(O34="M",M34*(N34/22),IF(O34="Y",M34*(N34/(22*12)), "")))),0) -> 0
S35: =IF(P35="Y",IF(O35="D",M35*N35,IF(O35="W",M35*(N35/5),IF(O35="M",M35*(N35/22),IF(O35="Y",M35*(N35/(22*12)), "")))),0) -> 0 | T35: =IF(Q35="Y",IF(O35="D",M35*N35,IF(O35="W",M35*(N35/5),IF(O35="M",M35*(N35/22),IF(O35="Y",M35*(N35/(22*12)), "")))),0) -> 0 | U35: =IF(R35="Y",IF(O35="D",M35*N35,IF(O35="W",M35*(N35/5),IF(O35="M",M35*(N35/22),IF(O35="Y",M35*(N35/(22*12)), "")))),0) -> 0
S36: =IF(P36="Y",IF(O36="D",M36*N36,IF(O36="W",M36*(N36/5),IF(O36="M",M36*(N36/22),IF(O36="Y",M36*(N36/(22*12)), "")))),0) -> 0 | T36: =IF(Q36="Y",IF(O36="D",M36*N36,IF(O36="W",M36*(N36/5),IF(O36="M",M36*(N36/22),IF(O36="Y",M36*(N36/(22*12)), "")))),0) -> 0 | U36: =IF(R36="Y",IF(O36="D",M36*N36,IF(O36="W",M36*(N36/5),IF(O36="M",M36*(N36/22),IF(O36="Y",M36*(N36/(22*12)), "")))),0) -> 0
S37: =IF(P37="Y",IF(O37="D",M37*N37,IF(O37="W",M37*(N37/5),IF(O37="M",M37*(N37/22),IF(O37="Y",M37*(N37/(22*12)), "")))),0) -> 0 | T37: =IF(Q37="Y",IF(O37="D",M37*N37,IF(O37="W",M37*(N37/5),IF(O37="M",M37*(N37/22),IF(O37="Y",M37*(N37/(22*12)), "")))),0) -> 0 | U37: =IF(R37="Y",IF(O37="D",M37*N37,IF(O37="W",M37*(N37/5),IF(O37="M",M37*(N37/22),IF(O37="Y",M37*(N37/(22*12)), "")))),0) -> 0
S38: =IF(P38="Y",IF(O38="D",M38*N38,IF(O38="W",M38*(N38/5),IF(O38="M",M38*(N38/22),IF(O38="Y",M38*(N38/(22*12)), "")))),0) -> 0 | T38: =IF(Q38="Y",IF(O38="D",M38*N38,IF(O38="W",M38*(N38/5),IF(O38="M",M38*(N38/22),IF(O38="Y",M38*(N38/(22*12)), "")))),0) -> 0 | U38: =IF(R38="Y",IF(O38="D",M38*N38,IF(O38="W",M38*(N38/5),IF(O38="M",M38*(N38/22),IF(O38="Y",M38*(N38/(22*12)), "")))),0) -> 0
S39: =IF(P39="Y",IF(O39="D",M39*N39,IF(O39="W",M39*(N39/5),IF(O39="M",M39*(N39/22),IF(O39="Y",M39*(N39/(22*12)), "")))),0) -> 0 | T39: =IF(Q39="Y",IF(O39="D",M39*N39,IF(O39="W",M39*(N39/5),IF(O39="M",M39*(N39/22),IF(O39="Y",M39*(N39/(22*12)), "")))),0) -> 0 | U39: =IF(R39="Y",IF(O39="D",M39*N39,IF(O39="W",M39*(N39/5),IF(O39="M",M39*(N39/22),IF(O39="Y",M39*(N39/(22*12)), "")))),0) -> 0
S40: =IF(P40="Y",IF(O40="D",M40*N40,IF(O40="W",M40*(N40/5),IF(O40="M",M40*(N40/22),IF(O40="Y",M40*(N40/(22*12)), "")))),0) -> 0 | T40: =IF(Q40="Y",IF(O40="D",M40*N40,IF(O40="W",M40*(N40/5),IF(O40="M",M40*(N40/22),IF(O40="Y",M40*(N40/(22*12)), "")))),0) -> 0 | U40: =IF(R40="Y",IF(O40="D",M40*N40,IF(O40="W",M40*(N40/5),IF(O40="M",M40*(N40/22),IF(O40="Y",M40*(N40/(22*12)), "")))),0) -> 0
S41: =IF(P41="Y",IF(O41="D",M41*N41,IF(O41="W",M41*(N41/5),IF(O41="M",M41*(N41/22),IF(O41="Y",M41*(N41/(22*12)), "")))),0) -> 0 | T41: =IF(Q41="Y",IF(O41="D",M41*N41,IF(O41="W",M41*(N41/5),IF(O41="M",M41*(N41/22),IF(O41="Y",M41*(N41/(22*12)), "")))),0) -> 0 | U41: =IF(R41="Y",IF(O41="D",M41*N41,IF(O41="W",M41*(N41/5),IF(O41="M",M41*(N41/22),IF(O41="Y",M41*(N41/(22*12)), "")))),0) -> 0
S42: =IF(P42="Y",IF(O42="D",M42*N42,IF(O42="W",M42*(N42/5),IF(O42="M",M42*(N42/22),IF(O42="Y",M42*(N42/(22*12)), "")))),0) -> 0 | T42: =IF(Q42="Y",IF(O42="D",M42*N42,IF(O42="W",M42*(N42/5),IF(O42="M",M42*(N42/22),IF(O42="Y",M42*(N42/(22*12)), "")))),0) -> 0 | U42: =IF(R42="Y",IF(O42="D",M42*N42,IF(O42="W",M42*(N42/5),IF(O42="M",M42*(N42/22),IF(O42="Y",M42*(N42/(22*12)), "")))),0) -> 0
S43: =IF(P43="Y",IF(O43="D",M43*N43,IF(O43="W",M43*(N43/5),IF(O43="M",M43*(N43/22),IF(O43="Y",M43*(N43/(22*12)), "")))),0) -> 0 | T43: =IF(Q43="Y",IF(O43="D",M43*N43,IF(O43="W",M43*(N43/5),IF(O43="M",M43*(N43/22),IF(O43="Y",M43*(N43/(22*12)), "")))),0) -> 0 | U43: =IF(R43="Y",IF(O43="D",M43*N43,IF(O43="W",M43*(N43/5),IF(O43="M",M43*(N43/22),IF(O43="Y",M43*(N43/(22*12)), "")))),0) -> 0
S44: =IF(P44="Y",IF(O44="D",M44*N44,IF(O44="W",M44*(N44/5),IF(O44="M",M44*(N44/22),IF(O44="Y",M44*(N44/(22*12)), "")))),0) -> 0 | T44: =IF(Q44="Y",IF(O44="D",M44*N44,IF(O44="W",M44*(N44/5),IF(O44="M",M44*(N44/22),IF(O44="Y",M44*(N44/(22*12)), "")))),0) -> 0 | U44: =IF(R44="Y",IF(O44="D",M44*N44,IF(O44="W",M44*(N44/5),IF(O44="M",M44*(N44/22),IF(O44="Y",M44*(N44/(22*12)), "")))),0) -> 0
... S59: =IF(P59="Y",IF(O59="D",M59*N59,IF(O59="W",M59*(N59/5),IF(O59="M",M59*(N59/22),IF(O59="Y",M59*(N59/(22*12)), "")))),0) -> 0 | T59: =IF(Q59="Y",IF(O59="D",M59*N59,IF(O59="W",M59*(N59/5),IF(O59="M",M59*(N59/22),IF(O59="Y",M59*(N59/(22*12)), "")))),0) -> 0 | U59: =IF(R59="Y",IF(O59="D",M59*N59,IF(O59="W",M59*(N59/5),IF(O59="M",M59*(N59/22),IF(O59="Y",M59*(N59/(22*12)), "")))),0) -> 0
O60: Total Time from All Pages: (Weighted Daily) | S60: =SUM(S30:S59)+SUM('J1-Page1'!S30:S59) -> 427.41818 | T60: =SUM(T30:T59)+SUM('J1-Page1'!T30:T59) -> 427.41818 | U60: =SUM(U30:U59)+SUM('J1-Page1'!U30:U59) -> 430.41818
A61: Signature Block: | J61: Work Change History:
A62: Shift: | C62: Team Leader | E62: Group Leader | J62: Date: | L62: Name: | N62: Change Description:
A63: 1 | B63: Sign | J63: 45314 | L63: J.Shuster | N63: Updated TIS #'s for TRACE data
B64: Date | J64: 45482 | L64: J.Shuster | N64: STS Template Update
A65: 2 | B65: Sign | J65: 45710 | L65: J.Shuster | N65: Annual Review
B66: Date | J66: 46057 | L66: M. Pargo | N66: Annual Review
A67: 3 | B67: Sign | J67: 46114 | L67: R. Woodson | N67: Added Task #32 Yellow Bag Process and Task #33 Blue Bag Process
B68: Date

Sheet STS Example
A1: Plant Name: | C1: Wentzville | E1: STANDARD TASK SHEET | AB1: Available Op Time | AC1: Frequency | AD1: Shift Conditional | AF1: SPQRCE
A2: Department / Area: | F2: Available Operating Time: | I2: Prepared By: | AB2: 440 minutes (8 hours) | AC2: D | AD2: Y | AF2: S
A3: Trim - Carpet | F3: 440 minutes (8 hours) | I3: Elwyn Employee | AB3: 456 minutes (8 hours) | AC3: W | AD3: N | AF3: P
A4: Operation Name: | F4: Team: | I4: Page: | J4: Date: | AB4: 516 minutes(9 hours) | AC4: M | AF4: Q
A5: H3 - Team Leader | F5: H3 | I5: 1 of 1 | J5: 45384 | AB5: 576 minutes (10 hours) | AC5: Y | AF5: R
A6: STS Base Line Knowledge/Training: | G6: GA Team Leader | AF6: C
AF7: E
A8: SAFETY | B8: All Required Safety Training (inc. Haz Material) | F8: QUALITY | G8: Process Control Plans | J8: COST | K8: Point Of Use, Spare Parts and Warranty
B9: High Risk TIS's/ Take 2 | G9: Quality Alerts | K9: COMMWIP - Waste Elimination
B10: Safety Playbook and Safety Policy | G10: Product Quality Standards | K10: Basic Ind. Material/Purchasing/SAP
B11: Emergency Response Process | G11: BIQ Process: Level III/IV | K11: Scrap Process
B12: SOT, SIR, ESCP, SOP, PPE, Ergonomics | G12: Problem Solving/Continuous Improvement
B13: Pre Task Planning/ Pre-Op card process | G13: Understanding PFMEA and MFMEA
A14: PEOPLE | B14: Computer Skills-E-mail, Microsoft Office, etc. | G14: GSIP | J14: ENVIRONMENTAL | K14: Understand E Requirements of the area
B15: TM/TL Evaluation Process | G15: Shop Floor Quality Systems - FBFF | K15: Work Place Organization (5-S)
B16: 4 Quarter Certified in all Team Jobs | G16: ISO | K16: Environmental Aspects / TISs
B17: Suggestions | F17: RESP. | G17: PM&C
B18: JIT Training & Flexibility Chart Training | G18: TIP (OEE and Constraints Management)
B19: GMS Training | G19: Maximo (CMMS)
B20: Layered Audits | G20: Andon and Plant Escalation Process
B21: Leading Effective Meetings | G21: Material Delivery System
B22: Team Concept, TM & TL R&Rs | G22: Total Productive Maintenance (TPM) | J22: SPQRCE | K22: JES/SOS/TIS (Safety/People/Responsiveness)
B23: TL STS and TISs | K23: BPD and Level 5 (SPQRCE)
B24: Plant Recognition Process | K24: Standardized Work (JES/SOS/TIS)
B25: Coaching Skills to help TMs improve
B26: Complete Proficiency Check Lists-3/4 Harvey
A28: SPQRCE | B28: # | C28: Task: | H28: TIS: | I28: Notes: | M28: Task Cycle Time: (Min.) | N28: Frequency: (Time) I (D=Day, W=Week, M=Month, Y=Year) | P28: Shift | S28: Total Cycle Time: (Daily) SHIFT
P29: 1 | Q29: 2 | R29: 3 | S29: 1 | T29: 2 | U29: 3
A30: P | B30: 1 | C30: Put out new PMP sheets for the week | I30: Print and place PMP sheets | M30: 5 | N30: 1 | O30: W | P30: N | Q30: N | R30: Y | S30: =IF(P30="Y",IF(O30="D",M30*N30,IF(O30="W",M30*(N30/5),IF(O30="M",M30*(N30/22),IF(O30="Y",M30*(N30/(22*12)), "")))),0) -> 0 | T30: =IF(Q30="Y",IF(O30="D",M30*N30,IF(O30="W",M30*(N30/5),IF(O30="M",M30*(N30/22),IF(O30="Y",M30*(N30/(22*12)), "")))),0) -> 0 | U30: =IF(R30="Y",IF(O30="D",M30*N30,IF(O30="W",M30*(N30/5),IF(O30="M",M30*(N30/22),IF(O30="Y",M30*(N30/(22*12)), "")))),0) -> 1
A31: R | B31: 2 | C31: Perform Start of shift activities | H31: 25-0001 | M31: 15 | N31: 1 | O31: D | P31: Y | Q31: Y | R31: Y | S31: =IF(P31="Y",IF(O31="D",M31*N31,IF(O31="W",M31*(N31/5),IF(O31="M",M31*(N31/22),IF(O31="Y",M31*(N31/(22*12)), "")))),0) -> 15 | T31: =IF(Q31="Y",IF(O31="D",M31*N31,IF(O31="W",M31*(N31/5),IF(O31="M",M31*(N31/22),IF(O31="Y",M31*(N31/(22*12)), "")))),0) -> 15 | U31: =IF(R31="Y",IF(O31="D",M31*N31,IF(O31="W",M31*(N31/5),IF(O31="M",M31*(N31/22),IF(O31="Y",M31*(N31/(22*12)), "")))),0) -> 15
A32: P | B32: 3 | C32: Collect prior week PMP sheets | I32: Collect and file paperwork | M32: 5 | N32: 1 | O32: W | P32: N | Q32: Y | R32: N | S32: =IF(P32="Y",IF(O32="D",M32*N32,IF(O32="W",M32*(N32/5),IF(O32="M",M32*(N32/22),IF(O32="Y",M32*(N32/(22*12)), "")))),0) -> 0 | T32: =IF(Q32="Y",IF(O32="D",M32*N32,IF(O32="W",M32*(N32/5),IF(O32="M",M32*(N32/22),IF(O32="Y",M32*(N32/(22*12)), "")))),0) -> 1 | U32: =IF(R32="Y",IF(O32="D",M32*N32,IF(O32="W",M32*(N32/5),IF(O32="M",M32*(N32/22),IF(O32="Y",M32*(N32/(22*12)), "")))),0) -> 0
A33: R | B33: 4 | C33: Attend weekly Standardization Basketweave Meeting | I33: Attend meeting, report info to team | M33: 45 | N33: 1 | O33: W | P33: Y | Q33: N | R33: N | S33: =IF(P33="Y",IF(O33="D",M33*N33,IF(O33="W",M33*(N33/5),IF(O33="M",M33*(N33/22),IF(O33="Y",M33*(N33/(22*12)), "")))),0) -> 9 | T33: =IF(Q33="Y",IF(O33="D",M33*N33,IF(O33="W",M33*(N33/5),IF(O33="M",M33*(N33/22),IF(O33="Y",M33*(N33/(22*12)), "")))),0) -> 0 | U33: =IF(R33="Y",IF(O33="D",M33*N33,IF(O33="W",M33*(N33/5),IF(O33="M",M33*(N33/22),IF(O33="Y",M33*(N33/(22*12)), "")))),0) -> 0
A34: R | B34: 5 | C34: Support Model Mix Variation | I34: Support TMs to accomplish operations in cycle | M34: 20 | N34: 1 | O34: D | P34: Y | Q34: Y | R34: Y | S34: =IF(P34="Y",IF(O34="D",M34*N34,IF(O34="W",M34*(N34/5),IF(O34="M",M34*(N34/22),IF(O34="Y",M34*(N34/(22*12)), "")))),0) -> 20 | T34: =IF(Q34="Y",IF(O34="D",M34*N34,IF(O34="W",M34*(N34/5),IF(O34="M",M34*(N34/22),IF(O34="Y",M34*(N34/(22*12)), "")))),0) -> 20 | U34: =IF(R34="Y",IF(O34="D",M34*N34,IF(O34="W",M34*(N34/5),IF(O34="M",M34*(N34/22),IF(O34="Y",M34*(N34/(22*12)), "")))),0) -> 20
A35: S | B35: 6 | C35: Perform PPE check in area | I35: Ensure TMs using proper PPE | M35: 5 | N35: 3 | O35: D | P35: Y | Q35: Y | R35: Y | S35: =IF(P35="Y",IF(O35="D",M35*N35,IF(O35="W",M35*(N35/5),IF(O35="M",M35*(N35/22),IF(O35="Y",M35*(N35/(22*12)), "")))),0) -> 15 | T35: =IF(Q35="Y",IF(O35="D",M35*N35,IF(O35="W",M35*(N35/5),IF(O35="M",M35*(N35/22),IF(O35="Y",M35*(N35/(22*12)), "")))),0) -> 15 | U35: =IF(R35="Y",IF(O35="D",M35*N35,IF(O35="W",M35*(N35/5),IF(O35="M",M35*(N35/22),IF(O35="Y",M35*(N35/(22*12)), "")))),0) -> 15
A36: S | B36: 7 | S36: =IF(P36="Y",IF(O36="D",M36*N36,IF(O36="W",M36*(N36/5),IF(O36="M",M36*(N36/22),IF(O36="Y",M36*(N36/(22*12)), "")))),0) -> 0 | T36: =IF(Q36="Y",IF(O36="D",M36*N36,IF(O36="W",M36*(N36/5),IF(O36="M",M36*(N36/22),IF(O36="Y",M36*(N36/(22*12)), "")))),0) -> 0 | U36: =IF(R36="Y",IF(O36="D",M36*N36,IF(O36="W",M36*(N36/5),IF(O36="M",M36*(N36/22),IF(O36="Y",M36*(N36/(22*12)), "")))),0) -> 0
A37: S | B37: 8 | S37: =IF(P37="Y",IF(O37="D",M37*N37,IF(O37="W",M37*(N37/5),IF(O37="M",M37*(N37/22),IF(O37="Y",M37*(N37/(22*12)), "")))),0) -> 0 | T37: =IF(Q37="Y",IF(O37="D",M37*N37,IF(O37="W",M37*(N37/5),IF(O37="M",M37*(N37/22),IF(O37="Y",M37*(N37/(22*12)), "")))),0) -> 0 | U37: =IF(R37="Y",IF(O37="D",M37*N37,IF(O37="W",M37*(N37/5),IF(O37="M",M37*(N37/22),IF(O37="Y",M37*(N37/(22*12)), "")))),0) -> 0
A38: P | B38: 9 | S38: =IF(P38="Y",IF(O38="D",M38*N38,IF(O38="W",M38*(N38/5),IF(O38="M",M38*(N38/22),IF(O38="Y",M38*(N38/(22*12)), "")))),0) -> 0 | T38: =IF(Q38="Y",IF(O38="D",M38*N38,IF(O38="W",M38*(N38/5),IF(O38="M",M38*(N38/22),IF(O38="Y",M38*(N38/(22*12)), "")))),0) -> 0 | U38: =IF(R38="Y",IF(O38="D",M38*N38,IF(O38="W",M38*(N38/5),IF(O38="M",M38*(N38/22),IF(O38="Y",M38*(N38/(22*12)), "")))),0) -> 0
A39: P | B39: 10 | S39: =IF(P39="Y",IF(O39="D",M39*N39,IF(O39="W",M39*(N39/5),IF(O39="M",M39*(N39/22),IF(O39="Y",M39*(N39/(22*12)), "")))),0) -> 0 | T39: =IF(Q39="Y",IF(O39="D",M39*N39,IF(O39="W",M39*(N39/5),IF(O39="M",M39*(N39/22),IF(O39="Y",M39*(N39/(22*12)), "")))),0) -> 0 | U39: =IF(R39="Y",IF(O39="D",M39*N39,IF(O39="W",M39*(N39/5),IF(O39="M",M39*(N39/22),IF(O39="Y",M39*(N39/(22*12)), "")))),0) -> 0
A40: P | B40: 11 | S40: =IF(P40="Y",IF(O40="D",M40*N40,IF(O40="W",M40*(N40/5),IF(O40="M",M40*(N40/22),IF(O40="Y",M40*(N40/(22*12)), "")))),0) -> 0 | T40: =IF(Q40="Y",IF(O40="D",M40*N40,IF(O40="W",M40*(N40/5),IF(O40="M",M40*(N40/22),IF(O40="Y",M40*(N40/(22*12)), "")))),0) -> 0 | U40: =IF(R40="Y",IF(O40="D",M40*N40,IF(O40="W",M40*(N40/5),IF(O40="M",M40*(N40/22),IF(O40="Y",M40*(N40/(22*12)), "")))),0) -> 0
A41: P | B41: 12 | S41: =IF(P41="Y",IF(O41="D",M41*N41,IF(O41="W",M41*(N41/5),IF(O41="M",M41*(N41/22),IF(O41="Y",M41*(N41/(22*12)), "")))),0) -> 0 | T41: =IF(Q41="Y",IF(O41="D",M41*N41,IF(O41="W",M41*(N41/5),IF(O41="M",M41*(N41/22),IF(O41="Y",M41*(N41/(22*12)), "")))),0) -> 0 | U41: =IF(R41="Y",IF(O41="D",M41*N41,IF(O41="W",M41*(N41/5),IF(O41="M",M41*(N41/22),IF(O41="Y",M41*(N41/(22*12)), "")))),0) -> 0
A42: P | B42: 13 | S42: =IF(P42="Y",IF(O42="D",M42*N42,IF(O42="W",M42*(N42/5),IF(O42="M",M42*(N42/22),IF(O42="Y",M42*(N42/(22*12)), "")))),0) -> 0 | T42: =IF(Q42="Y",IF(O42="D",M42*N42,IF(O42="W",M42*(N42/5),IF(O42="M",M42*(N42/22),IF(O42="Y",M42*(N42/(22*12)), "")))),0) -> 0 | U42: =IF(R42="Y",IF(O42="D",M42*N42,IF(O42="W",M42*(N42/5),IF(O42="M",M42*(N42/22),IF(O42="Y",M42*(N42/(22*12)), "")))),0) -> 0
A43: P | B43: 14 | S43: =IF(P43="Y",IF(O43="D",M43*N43,IF(O43="W",M43*(N43/5),IF(O43="M",M43*(N43/22),IF(O43="Y",M43*(N43/(22*12)), "")))),0) -> 0 | T43: =IF(Q43="Y",IF(O43="D",M43*N43,IF(O43="W",M43*(N43/5),IF(O43="M",M43*(N43/22),IF(O43="Y",M43*(N43/(22*12)), "")))),0) -> 0 | U43: =IF(R43="Y",IF(O43="D",M43*N43,IF(O43="W",M43*(N43/5),IF(O43="M",M43*(N43/22),IF(O43="Y",M43*(N43/(22*12)), "")))),0) -> 0
A44: P | B44: 15 | S44: =IF(P44="Y",IF(O44="D",M44*N44,IF(O44="W",M44*(N44/5),IF(O44="M",M44*(N44/22),IF(O44="Y",M44*(N44/(22*12)), "")))),0) -> 0 | T44: =IF(Q44="Y",IF(O44="D",M44*N44,IF(O44="W",M44*(N44/5),IF(O44="M",M44*(N44/22),IF(O44="Y",M44*(N44/(22*12)), "")))),0) -> 0 | U44: =IF(R44="Y",IF(O44="D",M44*N44,IF(O44="W",M44*(N44/5),IF(O44="M",M44*(N44/22),IF(O44="Y",M44*(N44/(22*12)), "")))),0) -> 0
A45: P | B45: 16 | S45: =IF(P45="Y",IF(O45="D",M45*N45,IF(O45="W",M45*(N45/5),IF(O45="M",M45*(N45/22),IF(O45="Y",M45*(N45/(22*12)), "")))),0) -> 0 | T45: =IF(Q45="Y",IF(O45="D",M45*N45,IF(O45="W",M45*(N45/5),IF(O45="M",M45*(N45/22),IF(O45="Y",M45*(N45/(22*12)), "")))),0) -> 0 | U45: =IF(R45="Y",IF(O45="D",M45*N45,IF(O45="W",M45*(N45/5),IF(O45="M",M45*(N45/22),IF(O45="Y",M45*(N45/(22*12)), "")))),0) -> 0
A46: P | B46: 17 | S46: =IF(P46="Y",IF(O46="D",M46*N46,IF(O46="W",M46*(N46/5),IF(O46="M",M46*(N46/22),IF(O46="Y",M46*(N46/(22*12)), "")))),0) -> 0 | T46: =IF(Q46="Y",IF(O46="D",M46*N46,IF(O46="W",M46*(N46/5),IF(O46="M",M46*(N46/22),IF(O46="Y",M46*(N46/(22*12)), "")))),0) -> 0 | U46: =IF(R46="Y",IF(O46="D",M46*N46,IF(O46="W",M46*(N46/5),IF(O46="M",M46*(N46/22),IF(O46="Y",M46*(N46/(22*12)), "")))),0) -> 0
A47: P | B47: 18 | S47: =IF(P47="Y",IF(O47="D",M47*N47,IF(O47="W",M47*(N47/5),IF(O47="M",M47*(N47/22),IF(O47="Y",M47*(N47/(22*12)), "")))),0) -> 0 | T47: =IF(Q47="Y",IF(O47="D",M47*N47,IF(O47="W",M47*(N47/5),IF(O47="M",M47*(N47/22),IF(O47="Y",M47*(N47/(22*12)), "")))),0) -> 0 | U47: =IF(R47="Y",IF(O47="D",M47*N47,IF(O47="W",M47*(N47/5),IF(O47="M",M47*(N47/22),IF(O47="Y",M47*(N47/(22*12)), "")))),0) -> 0
... A59: E | B59: 30 | S59: =IF(P59="Y",IF(O59="D",M59*N59,IF(O59="W",M59*(N59/5),IF(O59="M",M59*(N59/22),IF(O59="Y",M59*(N59/(22*12)), "")))),0) -> 0 | T59: =IF(Q59="Y",IF(O59="D",M59*N59,IF(O59="W",M59*(N59/5),IF(O59="M",M59*(N59/22),IF(O59="Y",M59*(N59/(22*12)), "")))),0) -> 0 | U59: =IF(R59="Y",IF(O59="D",M59*N59,IF(O59="W",M59*(N59/5),IF(O59="M",M59*(N59/22),IF(O59="Y",M59*(N59/(22*12)), "")))),0) -> 0
O60: Total Time from All Pages: (Weighted Daily) | S60: =SUM(S30:S59) -> 59 | T60: =SUM(T30:T59) -> 51 | U60: =SUM(U30:U59) -> 51
A61: Signature Block: | J61: Work Change History:
A62: Shift: | C62: Team Leader | E62: Group Leader | J62: Date: | L62: Name: | N62: Change Description:
A63: 1 | B63: Sign
B64: Date
A65: 2 | B65: Sign
B66: Date
A67: 3 | B67: Sign
B68: Date

Sheet STS Audit
